+-----------------+---------------------------------------------------------------------------+------------------+---------------+---------------+---------------+---------------+
| Module          | Config                                                                    | Module params    | Input         | Output        |   Param count |   Param bytes |
+=================+===========================================================================+==================+===============+===============+===============+===============+
| phi (Conv2D)    | Conv2D(                                                                   | w: f32[3,3,3,16] | f32[1,9,9,3]  | f32[1,9,9,16] |           448 |       1.79 KB |
|                 |     output_channels=16,                                                   | b: f32[16]       |               |               |               |               |
|                 |     kernel_shape=3,                                                       |                  |               |               |               |               |
|                 |     w_init=<haiku._src.initializers.Orthogonal object at 0x719dd477d3d0>, |                  |               |               |               |               |
|                 |     name='phi',                                                           |                  |               |               |               |               |
|                 | )                                                                         |                  |               |               |               |               |
+-----------------+---------------------------------------------------------------------------+------------------+---------------+---------------+---------------+---------------+
| phi_1 (Flatten) | Flatten(name='phi')                                                       |                  | f32[1,9,9,16] | f32[1,1296]   |             0 |        0.00 B |
+-----------------+---------------------------------------------------------------------------+------------------+---------------+---------------+---------------+---------------+
| phi_2 (Linear)  | Linear(                                                                   | w: f32[1296,64]  | f32[1,1296]   | f32[1,64]     |        83,008 |     332.03 KB |
|                 |     output_size=64,                                                       | b: f32[64]       |               |               |               |               |
|                 |     w_init=<haiku._src.initializers.Orthogonal object at 0x719e000ae790>, |                  |               |               |               |               |
|                 |     b_init=<haiku._src.initializers.Constant object at 0x719dd4786690>,   |                  |               |               |               |               |
|                 |     name='phi',                                                           |                  |               |               |               |               |
|                 | )                                                                         |                  |               |               |               |               |
+-----------------+---------------------------------------------------------------------------+------------------+---------------+---------------+---------------+---------------+
| phi_3 (Linear)  | Linear(                                                                   | w: f32[64,64]    | f32[1,64]     | f32[1,64]     |         4,160 |      16.64 KB |
|                 |     output_size=64,                                                       | b: f32[64]       |               |               |               |               |
|                 |     w_init=<haiku._src.initializers.Orthogonal object at 0x719e000ae790>, |                  |               |               |               |               |
|                 |     b_init=<haiku._src.initializers.Constant object at 0x719dd4786690>,   |                  |               |               |               |               |
|                 |     name='phi',                                                           |                  |               |               |               |               |
|                 | )                                                                         |                  |               |               |               |               |
+-----------------+---------------------------------------------------------------------------+------------------+---------------+---------------+---------------+---------------+
+------------+---------------------------------+-----------------+-----------+----------+---------------+---------------+
| Module     | Config                          | Module params   | Input     | Output   |   Param count |   Param bytes |
+============+=================================+=================+===========+==========+===============+===============+
| q (Linear) | Linear(output_size=4, name='q') | w: f32[64,4]    | f32[1,64] | f32[1,4] |           260 |       1.04 KB |
|            |                                 | b: f32[4]       |           |          |               |               |
+------------+---------------------------------+-----------------+-----------+----------+---------------+---------------+
+-----------------+---------------------------------------------------------------------------+------------------+---------------+---------------+---------------+---------------+
| Module          | Config                                                                    | Module params    | Input         | Output        |   Param count |   Param bytes |
+=================+===========================================================================+==================+===============+===============+===============+===============+
| phi (Conv2D)    | Conv2D(                                                                   | w: f32[3,3,3,16] | f32[1,9,9,3]  | f32[1,9,9,16] |           448 |       1.79 KB |
|                 |     output_channels=16,                                                   | b: f32[16]       |               |               |               |               |
|                 |     kernel_shape=3,                                                       |                  |               |               |               |               |
|                 |     w_init=<haiku._src.initializers.Orthogonal object at 0x719e001a2ed0>, |                  |               |               |               |               |
|                 |     name='phi',                                                           |                  |               |               |               |               |
|                 | )                                                                         |                  |               |               |               |               |
+-----------------+---------------------------------------------------------------------------+------------------+---------------+---------------+---------------+---------------+
| phi_1 (Flatten) | Flatten(name='phi')                                                       |                  | f32[1,9,9,16] | f32[1,1296]   |             0 |        0.00 B |
+-----------------+---------------------------------------------------------------------------+------------------+---------------+---------------+---------------+---------------+
| phi_2 (Linear)  | Linear(                                                                   | w: f32[1296,64]  | f32[1,1296]   | f32[1,64]     |        83,008 |     332.03 KB |
|                 |     output_size=64,                                                       | b: f32[64]       |               |               |               |               |
|                 |     w_init=<haiku._src.initializers.Orthogonal object at 0x719dd4055c90>, |                  |               |               |               |               |
|                 |     b_init=<haiku._src.initializers.Constant object at 0x719dd4079210>,   |                  |               |               |               |               |
|                 |     name='phi',                                                           |                  |               |               |               |               |
|                 | )                                                                         |                  |               |               |               |               |
+-----------------+---------------------------------------------------------------------------+------------------+---------------+---------------+---------------+---------------+
| phi_3 (Linear)  | Linear(                                                                   | w: f32[64,64]    | f32[1,64]     | f32[1,64]     |         4,160 |      16.64 KB |
|                 |     output_size=64,                                                       | b: f32[64]       |               |               |               |               |
|                 |     w_init=<haiku._src.initializers.Orthogonal object at 0x719dd4055c90>, |                  |               |               |               |               |
|                 |     b_init=<haiku._src.initializers.Constant object at 0x719dd4079210>,   |                  |               |               |               |               |
|                 |     name='phi',                                                           |                  |               |               |               |               |
|                 | )                                                                         |                  |               |               |               |               |
+-----------------+---------------------------------------------------------------------------+------------------+---------------+---------------+---------------+---------------+
+------------+---------------------------------+-----------------+-----------+----------+---------------+---------------+
| Module     | Config                          | Module params   | Input     | Output   |   Param count |   Param bytes |
+============+=================================+=================+===========+==========+===============+===============+
| q (Linear) | Linear(output_size=4, name='q') | w: f32[64,4]    | f32[1,64] | f32[1,4] |           260 |       1.04 KB |
|            |                                 | b: f32[4]       |           |          |               |               |
+------------+---------------------------------+-----------------+-----------+----------+---------------+---------------+
+-----------------+---------------------------------------------------------------------------+------------------+---------------+---------------+---------------+---------------+
| Module          | Config                                                                    | Module params    | Input         | Output        |   Param count |   Param bytes |
+=================+===========================================================================+==================+===============+===============+===============+===============+
| phi (Conv2D)    | Conv2D(                                                                   | w: f32[3,3,3,16] | f32[1,9,9,3]  | f32[1,9,9,16] |           448 |       1.79 KB |
|                 |     output_channels=16,                                                   | b: f32[16]       |               |               |               |               |
|                 |     kernel_shape=3,                                                       |                  |               |               |               |               |
|                 |     w_init=<haiku._src.initializers.Orthogonal object at 0x719e001f1a10>, |                  |               |               |               |               |
|                 |     name='phi',                                                           |                  |               |               |               |               |
|                 | )                                                                         |                  |               |               |               |               |
+-----------------+---------------------------------------------------------------------------+------------------+---------------+---------------+---------------+---------------+
| phi_1 (Flatten) | Flatten(name='phi')                                                       |                  | f32[1,9,9,16] | f32[1,1296]   |             0 |        0.00 B |
+-----------------+---------------------------------------------------------------------------+------------------+---------------+---------------+---------------+---------------+
| phi_2 (Linear)  | Linear(                                                                   | w: f32[1296,64]  | f32[1,1296]   | f32[1,64]     |        83,008 |     332.03 KB |
|                 |     output_size=64,                                                       | b: f32[64]       |               |               |               |               |
|                 |     w_init=<haiku._src.initializers.Orthogonal object at 0x719dd40760d0>, |                  |               |               |               |               |
|                 |     b_init=<haiku._src.initializers.Constant object at 0x719dd40abd50>,   |                  |               |               |               |               |
|                 |     name='phi',                                                           |                  |               |               |               |               |
|                 | )                                                                         |                  |               |               |               |               |
+-----------------+---------------------------------------------------------------------------+------------------+---------------+---------------+---------------+---------------+
| phi_3 (Linear)  | Linear(                                                                   | w: f32[64,64]    | f32[1,64]     | f32[1,64]     |         4,160 |      16.64 KB |
|                 |     output_size=64,                                                       | b: f32[64]       |               |               |               |               |
|                 |     w_init=<haiku._src.initializers.Orthogonal object at 0x719dd40760d0>, |                  |               |               |               |               |
|                 |     b_init=<haiku._src.initializers.Constant object at 0x719dd40abd50>,   |                  |               |               |               |               |
|                 |     name='phi',                                                           |                  |               |               |               |               |
|                 | )                                                                         |                  |               |               |               |               |
+-----------------+---------------------------------------------------------------------------+------------------+---------------+---------------+---------------+---------------+
+------------+---------------------------------+-----------------+-----------+----------+---------------+---------------+
| Module     | Config                          | Module params   | Input     | Output   |   Param count |   Param bytes |
+============+=================================+=================+===========+==========+===============+===============+
| q (Linear) | Linear(output_size=4, name='q') | w: f32[64,4]    | f32[1,64] | f32[1,4] |           260 |       1.04 KB |
|            |                                 | b: f32[4]       |           |          |               |               |
+------------+---------------------------------+-----------------+-----------+----------+---------------+---------------+
+-----------------+---------------------------------------------------------------------------+------------------+---------------+---------------+---------------+---------------+
| Module          | Config                                                                    | Module params    | Input         | Output        |   Param count |   Param bytes |
+=================+===========================================================================+==================+===============+===============+===============+===============+
| phi (Conv2D)    | Conv2D(                                                                   | w: f32[3,3,3,16] | f32[1,9,9,3]  | f32[1,9,9,16] |           448 |       1.79 KB |
|                 |     output_channels=16,                                                   | b: f32[16]       |               |               |               |               |
|                 |     kernel_shape=3,                                                       |                  |               |               |               |               |
|                 |     w_init=<haiku._src.initializers.Orthogonal object at 0x719dd40db210>, |                  |               |               |               |               |
|                 |     name='phi',                                                           |                  |               |               |               |               |
|                 | )                                                                         |                  |               |               |               |               |
+-----------------+---------------------------------------------------------------------------+------------------+---------------+---------------+---------------+---------------+
| phi_1 (Flatten) | Flatten(name='phi')                                                       |                  | f32[1,9,9,16] | f32[1,1296]   |             0 |        0.00 B |
+-----------------+---------------------------------------------------------------------------+------------------+---------------+---------------+---------------+---------------+
| phi_2 (Linear)  | Linear(                                                                   | w: f32[1296,64]  | f32[1,1296]   | f32[1,64]     |        83,008 |     332.03 KB |
|                 |     output_size=64,                                                       | b: f32[64]       |               |               |               |               |
|                 |     w_init=<haiku._src.initializers.Orthogonal object at 0x719dd40c2d50>, |                  |               |               |               |               |
|                 |     b_init=<haiku._src.initializers.Constant object at 0x719dd40ab7d0>,   |                  |               |               |               |               |
|                 |     name='phi',                                                           |                  |               |               |               |               |
|                 | )                                                                         |                  |               |               |               |               |
+-----------------+---------------------------------------------------------------------------+------------------+---------------+---------------+---------------+---------------+
| phi_3 (Linear)  | Linear(                                                                   | w: f32[64,64]    | f32[1,64]     | f32[1,64]     |         4,160 |      16.64 KB |
|                 |     output_size=64,                                                       | b: f32[64]       |               |               |               |               |
|                 |     w_init=<haiku._src.initializers.Orthogonal object at 0x719dd40c2d50>, |                  |               |               |               |               |
|                 |     b_init=<haiku._src.initializers.Constant object at 0x719dd40ab7d0>,   |                  |               |               |               |               |
|                 |     name='phi',                                                           |                  |               |               |               |               |
|                 | )                                                                         |                  |               |               |               |               |
+-----------------+---------------------------------------------------------------------------+------------------+---------------+---------------+---------------+---------------+
+------------+---------------------------------+-----------------+-----------+----------+---------------+---------------+
| Module     | Config                          | Module params   | Input     | Output   |   Param count |   Param bytes |
+============+=================================+=================+===========+==========+===============+===============+
| q (Linear) | Linear(output_size=4, name='q') | w: f32[64,4]    | f32[1,64] | f32[1,4] |           260 |       1.04 KB |
|            |                                 | b: f32[4]       |           |          |               |               |
+------------+---------------------------------+-----------------+-----------+----------+---------------+---------------+
+-----------------+---------------------------------------------------------------------------+------------------+---------------+---------------+---------------+---------------+
| Module          | Config                                                                    | Module params    | Input         | Output        |   Param count |   Param bytes |
+=================+===========================================================================+==================+===============+===============+===============+===============+
| phi (Conv2D)    | Conv2D(                                                                   | w: f32[3,3,3,16] | f32[1,9,9,3]  | f32[1,9,9,16] |           448 |       1.79 KB |
|                 |     output_channels=16,                                                   | b: f32[16]       |               |               |               |               |
|                 |     kernel_shape=3,                                                       |                  |               |               |               |               |
|                 |     w_init=<haiku._src.initializers.Orthogonal object at 0x719dd40d0550>, |                  |               |               |               |               |
|                 |     name='phi',                                                           |                  |               |               |               |               |
|                 | )                                                                         |                  |               |               |               |               |
+-----------------+---------------------------------------------------------------------------+------------------+---------------+---------------+---------------+---------------+
| phi_1 (Flatten) | Flatten(name='phi')                                                       |                  | f32[1,9,9,16] | f32[1,1296]   |             0 |        0.00 B |
+-----------------+---------------------------------------------------------------------------+------------------+---------------+---------------+---------------+---------------+
| phi_2 (Linear)  | Linear(                                                                   | w: f32[1296,64]  | f32[1,1296]   | f32[1,64]     |        83,008 |     332.03 KB |
|                 |     output_size=64,                                                       | b: f32[64]       |               |               |               |               |
|                 |     w_init=<haiku._src.initializers.Orthogonal object at 0x719dd40d9350>, |                  |               |               |               |               |
|                 |     b_init=<haiku._src.initializers.Constant object at 0x719dd40fe390>,   |                  |               |               |               |               |
|                 |     name='phi',                                                           |                  |               |               |               |               |
|                 | )                                                                         |                  |               |               |               |               |
+-----------------+---------------------------------------------------------------------------+------------------+---------------+---------------+---------------+---------------+
| phi_3 (Linear)  | Linear(                                                                   | w: f32[64,64]    | f32[1,64]     | f32[1,64]     |         4,160 |      16.64 KB |
|                 |     output_size=64,                                                       | b: f32[64]       |               |               |               |               |
|                 |     w_init=<haiku._src.initializers.Orthogonal object at 0x719dd40d9350>, |                  |               |               |               |               |
|                 |     b_init=<haiku._src.initializers.Constant object at 0x719dd40fe390>,   |                  |               |               |               |               |
|                 |     name='phi',                                                           |                  |               |               |               |               |
|                 | )                                                                         |                  |               |               |               |               |
+-----------------+---------------------------------------------------------------------------+------------------+---------------+---------------+---------------+---------------+
+------------+---------------------------------+-----------------+-----------+----------+---------------+---------------+
| Module     | Config                          | Module params   | Input     | Output   |   Param count |   Param bytes |
+============+=================================+=================+===========+==========+===============+===============+
| q (Linear) | Linear(output_size=4, name='q') | w: f32[64,4]    | f32[1,64] | f32[1,4] |           260 |       1.04 KB |
|            |                                 | b: f32[4]       |           |          |               |               |
+------------+---------------------------------+-----------------+-----------+----------+---------------+---------------+
+-----------------+---------------------------------------------------------------------------+------------------+---------------+---------------+---------------+---------------+
| Module          | Config                                                                    | Module params    | Input         | Output        |   Param count |   Param bytes |
+=================+===========================================================================+==================+===============+===============+===============+===============+
| phi (Conv2D)    | Conv2D(                                                                   | w: f32[3,3,3,16] | f32[1,9,9,3]  | f32[1,9,9,16] |           448 |       1.79 KB |
|                 |     output_channels=16,                                                   | b: f32[16]       |               |               |               |               |
|                 |     kernel_shape=3,                                                       |                  |               |               |               |               |
|                 |     w_init=<haiku._src.initializers.Orthogonal object at 0x719db4725b10>, |                  |               |               |               |               |
|                 |     name='phi',                                                           |                  |               |               |               |               |
|                 | )                                                                         |                  |               |               |               |               |
+-----------------+---------------------------------------------------------------------------+------------------+---------------+---------------+---------------+---------------+
| phi_1 (Flatten) | Flatten(name='phi')                                                       |                  | f32[1,9,9,16] | f32[1,1296]   |             0 |        0.00 B |
+-----------------+---------------------------------------------------------------------------+------------------+---------------+---------------+---------------+---------------+
| phi_2 (Linear)  | Linear(                                                                   | w: f32[1296,64]  | f32[1,1296]   | f32[1,64]     |        83,008 |     332.03 KB |
|                 |     output_size=64,                                                       | b: f32[64]       |               |               |               |               |
|                 |     w_init=<haiku._src.initializers.Orthogonal object at 0x719dd411a310>, |                  |               |               |               |               |
|                 |     b_init=<haiku._src.initializers.Constant object at 0x719dd4095dd0>,   |                  |               |               |               |               |
|                 |     name='phi',                                                           |                  |               |               |               |               |
|                 | )                                                                         |                  |               |               |               |               |
+-----------------+---------------------------------------------------------------------------+------------------+---------------+---------------+---------------+---------------+
| phi_3 (Linear)  | Linear(                                                                   | w: f32[64,64]    | f32[1,64]     | f32[1,64]     |         4,160 |      16.64 KB |
|                 |     output_size=64,                                                       | b: f32[64]       |               |               |               |               |
|                 |     w_init=<haiku._src.initializers.Orthogonal object at 0x719dd411a310>, |                  |               |               |               |               |
|                 |     b_init=<haiku._src.initializers.Constant object at 0x719dd4095dd0>,   |                  |               |               |               |               |
|                 |     name='phi',                                                           |                  |               |               |               |               |
|                 | )                                                                         |                  |               |               |               |               |
+-----------------+---------------------------------------------------------------------------+------------------+---------------+---------------+---------------+---------------+
+------------+---------------------------------+-----------------+-----------+----------+---------------+---------------+
| Module     | Config                          | Module params   | Input     | Output   |   Param count |   Param bytes |
+============+=================================+=================+===========+==========+===============+===============+
| q (Linear) | Linear(output_size=4, name='q') | w: f32[64,4]    | f32[1,64] | f32[1,4] |           260 |       1.04 KB |
|            |                                 | b: f32[4]       |           |          |               |               |
+------------+---------------------------------+-----------------+-----------+----------+---------------+---------------+
+-----------------+---------------------------------------------------------------------------+------------------+---------------+---------------+---------------+---------------+
| Module          | Config                                                                    | Module params    | Input         | Output        |   Param count |   Param bytes |
+=================+===========================================================================+==================+===============+===============+===============+===============+
| phi (Conv2D)    | Conv2D(                                                                   | w: f32[3,3,3,16] | f32[1,9,9,3]  | f32[1,9,9,16] |           448 |       1.79 KB |
|                 |     output_channels=16,                                                   | b: f32[16]       |               |               |               |               |
|                 |     kernel_shape=3,                                                       |                  |               |               |               |               |
|                 |     w_init=<haiku._src.initializers.Orthogonal object at 0x719db474f310>, |                  |               |               |               |               |
|                 |     name='phi',                                                           |                  |               |               |               |               |
|                 | )                                                                         |                  |               |               |               |               |
+-----------------+---------------------------------------------------------------------------+------------------+---------------+---------------+---------------+---------------+
| phi_1 (Flatten) | Flatten(name='phi')                                                       |                  | f32[1,9,9,16] | f32[1,1296]   |             0 |        0.00 B |
+-----------------+---------------------------------------------------------------------------+------------------+---------------+---------------+---------------+---------------+
| phi_2 (Linear)  | Linear(                                                                   | w: f32[1296,64]  | f32[1,1296]   | f32[1,64]     |        83,008 |     332.03 KB |
|                 |     output_size=64,                                                       | b: f32[64]       |               |               |               |               |
|                 |     w_init=<haiku._src.initializers.Orthogonal object at 0x719dd47a54d0>, |                  |               |               |               |               |
|                 |     b_init=<haiku._src.initializers.Constant object at 0x719db4726ed0>,   |                  |               |               |               |               |
|                 |     name='phi',                                                           |                  |               |               |               |               |
|                 | )                                                                         |                  |               |               |               |               |
+-----------------+---------------------------------------------------------------------------+------------------+---------------+---------------+---------------+---------------+
| phi_3 (Linear)  | Linear(                                                                   | w: f32[64,64]    | f32[1,64]     | f32[1,64]     |         4,160 |      16.64 KB |
|                 |     output_size=64,                                                       | b: f32[64]       |               |               |               |               |
|                 |     w_init=<haiku._src.initializers.Orthogonal object at 0x719dd47a54d0>, |                  |               |               |               |               |
|                 |     b_init=<haiku._src.initializers.Constant object at 0x719db4726ed0>,   |                  |               |               |               |               |
|                 |     name='phi',                                                           |                  |               |               |               |               |
|                 | )                                                                         |                  |               |               |               |               |
+-----------------+---------------------------------------------------------------------------+------------------+---------------+---------------+---------------+---------------+
+------------+---------------------------------+-----------------+-----------+----------+---------------+---------------+
| Module     | Config                          | Module params   | Input     | Output   |   Param count |   Param bytes |
+============+=================================+=================+===========+==========+===============+===============+
| q (Linear) | Linear(output_size=4, name='q') | w: f32[64,4]    | f32[1,64] | f32[1,4] |           260 |       1.04 KB |
|            |                                 | b: f32[4]       |           |          |               |               |
+------------+---------------------------------+-----------------+-----------+----------+---------------+---------------+
+-----------------+---------------------------------------------------------------------------+------------------+---------------+---------------+---------------+---------------+
| Module          | Config                                                                    | Module params    | Input         | Output        |   Param count |   Param bytes |
+=================+===========================================================================+==================+===============+===============+===============+===============+
| phi (Conv2D)    | Conv2D(                                                                   | w: f32[3,3,3,16] | f32[1,9,9,3]  | f32[1,9,9,16] |           448 |       1.79 KB |
|                 |     output_channels=16,                                                   | b: f32[16]       |               |               |               |               |
|                 |     kernel_shape=3,                                                       |                  |               |               |               |               |
|                 |     w_init=<haiku._src.initializers.Orthogonal object at 0x719e1022c990>, |                  |               |               |               |               |
|                 |     name='phi',                                                           |                  |               |               |               |               |
|                 | )                                                                         |                  |               |               |               |               |
+-----------------+---------------------------------------------------------------------------+------------------+---------------+---------------+---------------+---------------+
| phi_1 (Flatten) | Flatten(name='phi')                                                       |                  | f32[1,9,9,16] | f32[1,1296]   |             0 |        0.00 B |
+-----------------+---------------------------------------------------------------------------+------------------+---------------+---------------+---------------+---------------+
| phi_2 (Linear)  | Linear(                                                                   | w: f32[1296,64]  | f32[1,1296]   | f32[1,64]     |        83,008 |     332.03 KB |
|                 |     output_size=64,                                                       | b: f32[64]       |               |               |               |               |
|                 |     w_init=<haiku._src.initializers.Orthogonal object at 0x719db4727d10>, |                  |               |               |               |               |
|                 |     b_init=<haiku._src.initializers.Constant object at 0x719db4725b50>,   |                  |               |               |               |               |
|                 |     name='phi',                                                           |                  |               |               |               |               |
|                 | )                                                                         |                  |               |               |               |               |
+-----------------+---------------------------------------------------------------------------+------------------+---------------+---------------+---------------+---------------+
| phi_3 (Linear)  | Linear(                                                                   | w: f32[64,64]    | f32[1,64]     | f32[1,64]     |         4,160 |      16.64 KB |
|                 |     output_size=64,                                                       | b: f32[64]       |               |               |               |               |
|                 |     w_init=<haiku._src.initializers.Orthogonal object at 0x719db4727d10>, |                  |               |               |               |               |
|                 |     b_init=<haiku._src.initializers.Constant object at 0x719db4725b50>,   |                  |               |               |               |               |
|                 |     name='phi',                                                           |                  |               |               |               |               |
|                 | )                                                                         |                  |               |               |               |               |
+-----------------+---------------------------------------------------------------------------+------------------+---------------+---------------+---------------+---------------+
+------------+---------------------------------+-----------------+-----------+----------+---------------+---------------+
| Module     | Config                          | Module params   | Input     | Output   |   Param count |   Param bytes |
+============+=================================+=================+===========+==========+===============+===============+
| q (Linear) | Linear(output_size=4, name='q') | w: f32[64,4]    | f32[1,64] | f32[1,4] |           260 |       1.04 KB |
|            |                                 | b: f32[4]       |           |          |               |               |
+------------+---------------------------------+-----------------+-----------+----------+---------------+---------------+
+-----------------+---------------------------------------------------------------------------+------------------+---------------+---------------+---------------+---------------+
| Module          | Config                                                                    | Module params    | Input         | Output        |   Param count |   Param bytes |
+=================+===========================================================================+==================+===============+===============+===============+===============+
| phi (Conv2D)    | Conv2D(                                                                   | w: f32[3,3,3,16] | f32[1,9,9,3]  | f32[1,9,9,16] |           448 |       1.79 KB |
|                 |     output_channels=16,                                                   | b: f32[16]       |               |               |               |               |
|                 |     kernel_shape=3,                                                       |                  |               |               |               |               |
|                 |     w_init=<haiku._src.initializers.Orthogonal object at 0x719db4777810>, |                  |               |               |               |               |
|                 |     name='phi',                                                           |                  |               |               |               |               |
|                 | )                                                                         |                  |               |               |               |               |
+-----------------+---------------------------------------------------------------------------+------------------+---------------+---------------+---------------+---------------+
| phi_1 (Flatten) | Flatten(name='phi')                                                       |                  | f32[1,9,9,16] | f32[1,1296]   |             0 |        0.00 B |
+-----------------+---------------------------------------------------------------------------+------------------+---------------+---------------+---------------+---------------+
| phi_2 (Linear)  | Linear(                                                                   | w: f32[1296,64]  | f32[1,1296]   | f32[1,64]     |        83,008 |     332.03 KB |
|                 |     output_size=64,                                                       | b: f32[64]       |               |               |               |               |
|                 |     w_init=<haiku._src.initializers.Orthogonal object at 0x719db4775750>, |                  |               |               |               |               |
|                 |     b_init=<haiku._src.initializers.Constant object at 0x719db47a2cd0>,   |                  |               |               |               |               |
|                 |     name='phi',                                                           |                  |               |               |               |               |
|                 | )                                                                         |                  |               |               |               |               |
+-----------------+---------------------------------------------------------------------------+------------------+---------------+---------------+---------------+---------------+
| phi_3 (Linear)  | Linear(                                                                   | w: f32[64,64]    | f32[1,64]     | f32[1,64]     |         4,160 |      16.64 KB |
|                 |     output_size=64,                                                       | b: f32[64]       |               |               |               |               |
|                 |     w_init=<haiku._src.initializers.Orthogonal object at 0x719db4775750>, |                  |               |               |               |               |
|                 |     b_init=<haiku._src.initializers.Constant object at 0x719db47a2cd0>,   |                  |               |               |               |               |
|                 |     name='phi',                                                           |                  |               |               |               |               |
|                 | )                                                                         |                  |               |               |               |               |
+-----------------+---------------------------------------------------------------------------+------------------+---------------+---------------+---------------+---------------+
+------------+---------------------------------+-----------------+-----------+----------+---------------+---------------+
| Module     | Config                          | Module params   | Input     | Output   |   Param count |   Param bytes |
+============+=================================+=================+===========+==========+===============+===============+
| q (Linear) | Linear(output_size=4, name='q') | w: f32[64,4]    | f32[1,64] | f32[1,4] |           260 |       1.04 KB |
|            |                                 | b: f32[4]       |           |          |               |               |
+------------+---------------------------------+-----------------+-----------+----------+---------------+---------------+
+-----------------+---------------------------------------------------------------------------+------------------+---------------+---------------+---------------+---------------+
| Module          | Config                                                                    | Module params    | Input         | Output        |   Param count |   Param bytes |
+=================+===========================================================================+==================+===============+===============+===============+===============+
| phi (Conv2D)    | Conv2D(                                                                   | w: f32[3,3,3,16] | f32[1,9,9,3]  | f32[1,9,9,16] |           448 |       1.79 KB |
|                 |     output_channels=16,                                                   | b: f32[16]       |               |               |               |               |
|                 |     kernel_shape=3,                                                       |                  |               |               |               |               |
|                 |     w_init=<haiku._src.initializers.Orthogonal object at 0x719e0007c350>, |                  |               |               |               |               |
|                 |     name='phi',                                                           |                  |               |               |               |               |
|                 | )                                                                         |                  |               |               |               |               |
+-----------------+---------------------------------------------------------------------------+------------------+---------------+---------------+---------------+---------------+
| phi_1 (Flatten) | Flatten(name='phi')                                                       |                  | f32[1,9,9,16] | f32[1,1296]   |             0 |        0.00 B |
+-----------------+---------------------------------------------------------------------------+------------------+---------------+---------------+---------------+---------------+
| phi_2 (Linear)  | Linear(                                                                   | w: f32[1296,64]  | f32[1,1296]   | f32[1,64]     |        83,008 |     332.03 KB |
|                 |     output_size=64,                                                       | b: f32[64]       |               |               |               |               |
|                 |     w_init=<haiku._src.initializers.Orthogonal object at 0x719db47ccb90>, |                  |               |               |               |               |
|                 |     b_init=<haiku._src.initializers.Constant object at 0x719e000b1cd0>,   |                  |               |               |               |               |
|                 |     name='phi',                                                           |                  |               |               |               |               |
|                 | )                                                                         |                  |               |               |               |               |
+-----------------+---------------------------------------------------------------------------+------------------+---------------+---------------+---------------+---------------+
| phi_3 (Linear)  | Linear(                                                                   | w: f32[64,64]    | f32[1,64]     | f32[1,64]     |         4,160 |      16.64 KB |
|                 |     output_size=64,                                                       | b: f32[64]       |               |               |               |               |
|                 |     w_init=<haiku._src.initializers.Orthogonal object at 0x719db47ccb90>, |                  |               |               |               |               |
|                 |     b_init=<haiku._src.initializers.Constant object at 0x719e000b1cd0>,   |                  |               |               |               |               |
|                 |     name='phi',                                                           |                  |               |               |               |               |
|                 | )                                                                         |                  |               |               |               |               |
+-----------------+---------------------------------------------------------------------------+------------------+---------------+---------------+---------------+---------------+
+------------+---------------------------------+-----------------+-----------+----------+---------------+---------------+
| Module     | Config                          | Module params   | Input     | Output   |   Param count |   Param bytes |
+============+=================================+=================+===========+==========+===============+===============+
| q (Linear) | Linear(output_size=4, name='q') | w: f32[64,4]    | f32[1,64] | f32[1,4] |           260 |       1.04 KB |
|            |                                 | b: f32[4]       |           |          |               |               |
+------------+---------------------------------+-----------------+-----------+----------+---------------+---------------+
+-----------------+---------------------------------------------------------------------------+------------------+---------------+---------------+---------------+---------------+
| Module          | Config                                                                    | Module params    | Input         | Output        |   Param count |   Param bytes |
+=================+===========================================================================+==================+===============+===============+===============+===============+
| phi (Conv2D)    | Conv2D(                                                                   | w: f32[3,3,3,16] | f32[1,9,9,3]  | f32[1,9,9,16] |           448 |       1.79 KB |
|                 |     output_channels=16,                                                   | b: f32[16]       |               |               |               |               |
|                 |     kernel_shape=3,                                                       |                  |               |               |               |               |
|                 |     w_init=<haiku._src.initializers.Orthogonal object at 0x719db4774990>, |                  |               |               |               |               |
|                 |     name='phi',                                                           |                  |               |               |               |               |
|                 | )                                                                         |                  |               |               |               |               |
+-----------------+---------------------------------------------------------------------------+------------------+---------------+---------------+---------------+---------------+
| phi_1 (Flatten) | Flatten(name='phi')                                                       |                  | f32[1,9,9,16] | f32[1,1296]   |             0 |        0.00 B |
+-----------------+---------------------------------------------------------------------------+------------------+---------------+---------------+---------------+---------------+
| phi_2 (Linear)  | Linear(                                                                   | w: f32[1296,64]  | f32[1,1296]   | f32[1,64]     |        83,008 |     332.03 KB |
|                 |     output_size=64,                                                       | b: f32[64]       |               |               |               |               |
|                 |     w_init=<haiku._src.initializers.Orthogonal object at 0x719db4774d10>, |                  |               |               |               |               |
|                 |     b_init=<haiku._src.initializers.Constant object at 0x719db47a1010>,   |                  |               |               |               |               |
|                 |     name='phi',                                                           |                  |               |               |               |               |
|                 | )                                                                         |                  |               |               |               |               |
+-----------------+---------------------------------------------------------------------------+------------------+---------------+---------------+---------------+---------------+
| phi_3 (Linear)  | Linear(                                                                   | w: f32[64,64]    | f32[1,64]     | f32[1,64]     |         4,160 |      16.64 KB |
|                 |     output_size=64,                                                       | b: f32[64]       |               |               |               |               |
|                 |     w_init=<haiku._src.initializers.Orthogonal object at 0x719db4774d10>, |                  |               |               |               |               |
|                 |     b_init=<haiku._src.initializers.Constant object at 0x719db47a1010>,   |                  |               |               |               |               |
|                 |     name='phi',                                                           |                  |               |               |               |               |
|                 | )                                                                         |                  |               |               |               |               |
+-----------------+---------------------------------------------------------------------------+------------------+---------------+---------------+---------------+---------------+
+------------+---------------------------------+-----------------+-----------+----------+---------------+---------------+
| Module     | Config                          | Module params   | Input     | Output   |   Param count |   Param bytes |
+============+=================================+=================+===========+==========+===============+===============+
| q (Linear) | Linear(output_size=4, name='q') | w: f32[64,4]    | f32[1,64] | f32[1,4] |           260 |       1.04 KB |
|            |                                 | b: f32[4]       |           |          |               |               |
+------------+---------------------------------+-----------------+-----------+----------+---------------+---------------+
+-----------------+---------------------------------------------------------------------------+------------------+---------------+---------------+---------------+---------------+
| Module          | Config                                                                    | Module params    | Input         | Output        |   Param count |   Param bytes |
+=================+===========================================================================+==================+===============+===============+===============+===============+
| phi (Conv2D)    | Conv2D(                                                                   | w: f32[3,3,3,16] | f32[1,9,9,3]  | f32[1,9,9,16] |           448 |       1.79 KB |
|                 |     output_channels=16,                                                   | b: f32[16]       |               |               |               |               |
|                 |     kernel_shape=3,                                                       |                  |               |               |               |               |
|                 |     w_init=<haiku._src.initializers.Orthogonal object at 0x719db4745ed0>, |                  |               |               |               |               |
|                 |     name='phi',                                                           |                  |               |               |               |               |
|                 | )                                                                         |                  |               |               |               |               |
+-----------------+---------------------------------------------------------------------------+------------------+---------------+---------------+---------------+---------------+
| phi_1 (Flatten) | Flatten(name='phi')                                                       |                  | f32[1,9,9,16] | f32[1,1296]   |             0 |        0.00 B |
+-----------------+---------------------------------------------------------------------------+------------------+---------------+---------------+---------------+---------------+
| phi_2 (Linear)  | Linear(                                                                   | w: f32[1296,64]  | f32[1,1296]   | f32[1,64]     |        83,008 |     332.03 KB |
|                 |     output_size=64,                                                       | b: f32[64]       |               |               |               |               |
|                 |     w_init=<haiku._src.initializers.Orthogonal object at 0x719db47f4290>, |                  |               |               |               |               |
|                 |     b_init=<haiku._src.initializers.Constant object at 0x719db4132490>,   |                  |               |               |               |               |
|                 |     name='phi',                                                           |                  |               |               |               |               |
|                 | )                                                                         |                  |               |               |               |               |
+-----------------+---------------------------------------------------------------------------+------------------+---------------+---------------+---------------+---------------+
| phi_3 (Linear)  | Linear(                                                                   | w: f32[64,64]    | f32[1,64]     | f32[1,64]     |         4,160 |      16.64 KB |
|                 |     output_size=64,                                                       | b: f32[64]       |               |               |               |               |
|                 |     w_init=<haiku._src.initializers.Orthogonal object at 0x719db47f4290>, |                  |               |               |               |               |
|                 |     b_init=<haiku._src.initializers.Constant object at 0x719db4132490>,   |                  |               |               |               |               |
|                 |     name='phi',                                                           |                  |               |               |               |               |
|                 | )                                                                         |                  |               |               |               |               |
+-----------------+---------------------------------------------------------------------------+------------------+---------------+---------------+---------------+---------------+
+------------+---------------------------------+-----------------+-----------+----------+---------------+---------------+
| Module     | Config                          | Module params   | Input     | Output   |   Param count |   Param bytes |
+============+=================================+=================+===========+==========+===============+===============+
| q (Linear) | Linear(output_size=4, name='q') | w: f32[64,4]    | f32[1,64] | f32[1,4] |           260 |       1.04 KB |
|            |                                 | b: f32[4]       |           |          |               |               |
+------------+---------------------------------+-----------------+-----------+----------+---------------+---------------+
+-----------------+---------------------------------------------------------------------------+------------------+---------------+---------------+---------------+---------------+
| Module          | Config                                                                    | Module params    | Input         | Output        |   Param count |   Param bytes |
+=================+===========================================================================+==================+===============+===============+===============+===============+
| phi (Conv2D)    | Conv2D(                                                                   | w: f32[3,3,3,16] | f32[1,9,9,3]  | f32[1,9,9,16] |           448 |       1.79 KB |
|                 |     output_channels=16,                                                   | b: f32[16]       |               |               |               |               |
|                 |     kernel_shape=3,                                                       |                  |               |               |               |               |
|                 |     w_init=<haiku._src.initializers.Orthogonal object at 0x719db414d750>, |                  |               |               |               |               |
|                 |     name='phi',                                                           |                  |               |               |               |               |
|                 | )                                                                         |                  |               |               |               |               |
+-----------------+---------------------------------------------------------------------------+------------------+---------------+---------------+---------------+---------------+
| phi_1 (Flatten) | Flatten(name='phi')                                                       |                  | f32[1,9,9,16] | f32[1,1296]   |             0 |        0.00 B |
+-----------------+---------------------------------------------------------------------------+------------------+---------------+---------------+---------------+---------------+
| phi_2 (Linear)  | Linear(                                                                   | w: f32[1296,64]  | f32[1,1296]   | f32[1,64]     |        83,008 |     332.03 KB |
|                 |     output_size=64,                                                       | b: f32[64]       |               |               |               |               |
|                 |     w_init=<haiku._src.initializers.Orthogonal object at 0x719db47a3ad0>, |                  |               |               |               |               |
|                 |     b_init=<haiku._src.initializers.Constant object at 0x719db413d150>,   |                  |               |               |               |               |
|                 |     name='phi',                                                           |                  |               |               |               |               |
|                 | )                                                                         |                  |               |               |               |               |
+-----------------+---------------------------------------------------------------------------+------------------+---------------+---------------+---------------+---------------+
| phi_3 (Linear)  | Linear(                                                                   | w: f32[64,64]    | f32[1,64]     | f32[1,64]     |         4,160 |      16.64 KB |
|                 |     output_size=64,                                                       | b: f32[64]       |               |               |               |               |
|                 |     w_init=<haiku._src.initializers.Orthogonal object at 0x719db47a3ad0>, |                  |               |               |               |               |
|                 |     b_init=<haiku._src.initializers.Constant object at 0x719db413d150>,   |                  |               |               |               |               |
|                 |     name='phi',                                                           |                  |               |               |               |               |
|                 | )                                                                         |                  |               |               |               |               |
+-----------------+---------------------------------------------------------------------------+------------------+---------------+---------------+---------------+---------------+
+------------+---------------------------------+-----------------+-----------+----------+---------------+---------------+
| Module     | Config                          | Module params   | Input     | Output   |   Param count |   Param bytes |
+============+=================================+=================+===========+==========+===============+===============+
| q (Linear) | Linear(output_size=4, name='q') | w: f32[64,4]    | f32[1,64] | f32[1,4] |           260 |       1.04 KB |
|            |                                 | b: f32[4]       |           |          |               |               |
+------------+---------------------------------+-----------------+-----------+----------+---------------+---------------+
+-----------------+---------------------------------------------------------------------------+------------------+---------------+---------------+---------------+---------------+
| Module          | Config                                                                    | Module params    | Input         | Output        |   Param count |   Param bytes |
+=================+===========================================================================+==================+===============+===============+===============+===============+
| phi (Conv2D)    | Conv2D(                                                                   | w: f32[3,3,3,16] | f32[1,9,9,3]  | f32[1,9,9,16] |           448 |       1.79 KB |
|                 |     output_channels=16,                                                   | b: f32[16]       |               |               |               |               |
|                 |     kernel_shape=3,                                                       |                  |               |               |               |               |
|                 |     w_init=<haiku._src.initializers.Orthogonal object at 0x719e1011d4d0>, |                  |               |               |               |               |
|                 |     name='phi',                                                           |                  |               |               |               |               |
|                 | )                                                                         |                  |               |               |               |               |
+-----------------+---------------------------------------------------------------------------+------------------+---------------+---------------+---------------+---------------+
| phi_1 (Flatten) | Flatten(name='phi')                                                       |                  | f32[1,9,9,16] | f32[1,1296]   |             0 |        0.00 B |
+-----------------+---------------------------------------------------------------------------+------------------+---------------+---------------+---------------+---------------+
| phi_2 (Linear)  | Linear(                                                                   | w: f32[1296,64]  | f32[1,1296]   | f32[1,64]     |        83,008 |     332.03 KB |
|                 |     output_size=64,                                                       | b: f32[64]       |               |               |               |               |
|                 |     w_init=<haiku._src.initializers.Orthogonal object at 0x719db417cd10>, |                  |               |               |               |               |
|                 |     b_init=<haiku._src.initializers.Constant object at 0x719db470a7d0>,   |                  |               |               |               |               |
|                 |     name='phi',                                                           |                  |               |               |               |               |
|                 | )                                                                         |                  |               |               |               |               |
+-----------------+---------------------------------------------------------------------------+------------------+---------------+---------------+---------------+---------------+
| phi_3 (Linear)  | Linear(                                                                   | w: f32[64,64]    | f32[1,64]     | f32[1,64]     |         4,160 |      16.64 KB |
|                 |     output_size=64,                                                       | b: f32[64]       |               |               |               |               |
|                 |     w_init=<haiku._src.initializers.Orthogonal object at 0x719db417cd10>, |                  |               |               |               |               |
|                 |     b_init=<haiku._src.initializers.Constant object at 0x719db470a7d0>,   |                  |               |               |               |               |
|                 |     name='phi',                                                           |                  |               |               |               |               |
|                 | )                                                                         |                  |               |               |               |               |
+-----------------+---------------------------------------------------------------------------+------------------+---------------+---------------+---------------+---------------+
+------------+---------------------------------+-----------------+-----------+----------+---------------+---------------+
| Module     | Config                          | Module params   | Input     | Output   |   Param count |   Param bytes |
+============+=================================+=================+===========+==========+===============+===============+
| q (Linear) | Linear(output_size=4, name='q') | w: f32[64,4]    | f32[1,64] | f32[1,4] |           260 |       1.04 KB |
|            |                                 | b: f32[4]       |           |          |               |               |
+------------+---------------------------------+-----------------+-----------+----------+---------------+---------------+
+-----------------+---------------------------------------------------------------------------+------------------+---------------+---------------+---------------+---------------+
| Module          | Config                                                                    | Module params    | Input         | Output        |   Param count |   Param bytes |
+=================+===========================================================================+==================+===============+===============+===============+===============+
| phi (Conv2D)    | Conv2D(                                                                   | w: f32[3,3,3,16] | f32[1,9,9,3]  | f32[1,9,9,16] |           448 |       1.79 KB |
|                 |     output_channels=16,                                                   | b: f32[16]       |               |               |               |               |
|                 |     kernel_shape=3,                                                       |                  |               |               |               |               |
|                 |     w_init=<haiku._src.initializers.Orthogonal object at 0x719db413e610>, |                  |               |               |               |               |
|                 |     name='phi',                                                           |                  |               |               |               |               |
|                 | )                                                                         |                  |               |               |               |               |
+-----------------+---------------------------------------------------------------------------+------------------+---------------+---------------+---------------+---------------+
| phi_1 (Flatten) | Flatten(name='phi')                                                       |                  | f32[1,9,9,16] | f32[1,1296]   |             0 |        0.00 B |
+-----------------+---------------------------------------------------------------------------+------------------+---------------+---------------+---------------+---------------+
| phi_2 (Linear)  | Linear(                                                                   | w: f32[1296,64]  | f32[1,1296]   | f32[1,64]     |        83,008 |     332.03 KB |
|                 |     output_size=64,                                                       | b: f32[64]       |               |               |               |               |
|                 |     w_init=<haiku._src.initializers.Orthogonal object at 0x719db413f0d0>, |                  |               |               |               |               |
|                 |     b_init=<haiku._src.initializers.Constant object at 0x719db41b7710>,   |                  |               |               |               |               |
|                 |     name='phi',                                                           |                  |               |               |               |               |
|                 | )                                                                         |                  |               |               |               |               |
+-----------------+---------------------------------------------------------------------------+------------------+---------------+---------------+---------------+---------------+
| phi_3 (Linear)  | Linear(                                                                   | w: f32[64,64]    | f32[1,64]     | f32[1,64]     |         4,160 |      16.64 KB |
|                 |     output_size=64,                                                       | b: f32[64]       |               |               |               |               |
|                 |     w_init=<haiku._src.initializers.Orthogonal object at 0x719db413f0d0>, |                  |               |               |               |               |
|                 |     b_init=<haiku._src.initializers.Constant object at 0x719db41b7710>,   |                  |               |               |               |               |
|                 |     name='phi',                                                           |                  |               |               |               |               |
|                 | )                                                                         |                  |               |               |               |               |
+-----------------+---------------------------------------------------------------------------+------------------+---------------+---------------+---------------+---------------+
+------------+---------------------------------+-----------------+-----------+----------+---------------+---------------+
| Module     | Config                          | Module params   | Input     | Output   |   Param count |   Param bytes |
+============+=================================+=================+===========+==========+===============+===============+
| q (Linear) | Linear(output_size=4, name='q') | w: f32[64,4]    | f32[1,64] | f32[1,4] |           260 |       1.04 KB |
|            |                                 | b: f32[4]       |           |          |               |               |
+------------+---------------------------------+-----------------+-----------+----------+---------------+---------------+
+-----------------+---------------------------------------------------------------------------+------------------+---------------+---------------+---------------+---------------+
| Module          | Config                                                                    | Module params    | Input         | Output        |   Param count |   Param bytes |
+=================+===========================================================================+==================+===============+===============+===============+===============+
| phi (Conv2D)    | Conv2D(                                                                   | w: f32[3,3,3,16] | f32[1,9,9,3]  | f32[1,9,9,16] |           448 |       1.79 KB |
|                 |     output_channels=16,                                                   | b: f32[16]       |               |               |               |               |
|                 |     kernel_shape=3,                                                       |                  |               |               |               |               |
|                 |     w_init=<haiku._src.initializers.Orthogonal object at 0x719db47cec50>, |                  |               |               |               |               |
|                 |     name='phi',                                                           |                  |               |               |               |               |
|                 | )                                                                         |                  |               |               |               |               |
+-----------------+---------------------------------------------------------------------------+------------------+---------------+---------------+---------------+---------------+
| phi_1 (Flatten) | Flatten(name='phi')                                                       |                  | f32[1,9,9,16] | f32[1,1296]   |             0 |        0.00 B |
+-----------------+---------------------------------------------------------------------------+------------------+---------------+---------------+---------------+---------------+
| phi_2 (Linear)  | Linear(                                                                   | w: f32[1296,64]  | f32[1,1296]   | f32[1,64]     |        83,008 |     332.03 KB |
|                 |     output_size=64,                                                       | b: f32[64]       |               |               |               |               |
|                 |     w_init=<haiku._src.initializers.Orthogonal object at 0x719db413e090>, |                  |               |               |               |               |
|                 |     b_init=<haiku._src.initializers.Constant object at 0x719db413c610>,   |                  |               |               |               |               |
|                 |     name='phi',                                                           |                  |               |               |               |               |
|                 | )                                                                         |                  |               |               |               |               |
+-----------------+---------------------------------------------------------------------------+------------------+---------------+---------------+---------------+---------------+
| phi_3 (Linear)  | Linear(                                                                   | w: f32[64,64]    | f32[1,64]     | f32[1,64]     |         4,160 |      16.64 KB |
|                 |     output_size=64,                                                       | b: f32[64]       |               |               |               |               |
|                 |     w_init=<haiku._src.initializers.Orthogonal object at 0x719db413e090>, |                  |               |               |               |               |
|                 |     b_init=<haiku._src.initializers.Constant object at 0x719db413c610>,   |                  |               |               |               |               |
|                 |     name='phi',                                                           |                  |               |               |               |               |
|                 | )                                                                         |                  |               |               |               |               |
+-----------------+---------------------------------------------------------------------------+------------------+---------------+---------------+---------------+---------------+
+------------+---------------------------------+-----------------+-----------+----------+---------------+---------------+
| Module     | Config                          | Module params   | Input     | Output   |   Param count |   Param bytes |
+============+=================================+=================+===========+==========+===============+===============+
| q (Linear) | Linear(output_size=4, name='q') | w: f32[64,4]    | f32[1,64] | f32[1,4] |           260 |       1.04 KB |
|            |                                 | b: f32[4]       |           |          |               |               |
+------------+---------------------------------+-----------------+-----------+----------+---------------+---------------+
+-----------------+---------------------------------------------------------------------------+------------------+---------------+---------------+---------------+---------------+
| Module          | Config                                                                    | Module params    | Input         | Output        |   Param count |   Param bytes |
+=================+===========================================================================+==================+===============+===============+===============+===============+
| phi (Conv2D)    | Conv2D(                                                                   | w: f32[3,3,3,16] | f32[1,9,9,3]  | f32[1,9,9,16] |           448 |       1.79 KB |
|                 |     output_channels=16,                                                   | b: f32[16]       |               |               |               |               |
|                 |     kernel_shape=3,                                                       |                  |               |               |               |               |
|                 |     w_init=<haiku._src.initializers.Orthogonal object at 0x719db414cd10>, |                  |               |               |               |               |
|                 |     name='phi',                                                           |                  |               |               |               |               |
|                 | )                                                                         |                  |               |               |               |               |
+-----------------+---------------------------------------------------------------------------+------------------+---------------+---------------+---------------+---------------+
| phi_1 (Flatten) | Flatten(name='phi')                                                       |                  | f32[1,9,9,16] | f32[1,1296]   |             0 |        0.00 B |
+-----------------+---------------------------------------------------------------------------+------------------+---------------+---------------+---------------+---------------+
| phi_2 (Linear)  | Linear(                                                                   | w: f32[1296,64]  | f32[1,1296]   | f32[1,64]     |        83,008 |     332.03 KB |
|                 |     output_size=64,                                                       | b: f32[64]       |               |               |               |               |
|                 |     w_init=<haiku._src.initializers.Orthogonal object at 0x719db41b5d10>, |                  |               |               |               |               |
|                 |     b_init=<haiku._src.initializers.Constant object at 0x719db41b7090>,   |                  |               |               |               |               |
|                 |     name='phi',                                                           |                  |               |               |               |               |
|                 | )                                                                         |                  |               |               |               |               |
+-----------------+---------------------------------------------------------------------------+------------------+---------------+---------------+---------------+---------------+
| phi_3 (Linear)  | Linear(                                                                   | w: f32[64,64]    | f32[1,64]     | f32[1,64]     |         4,160 |      16.64 KB |
|                 |     output_size=64,                                                       | b: f32[64]       |               |               |               |               |
|                 |     w_init=<haiku._src.initializers.Orthogonal object at 0x719db41b5d10>, |                  |               |               |               |               |
|                 |     b_init=<haiku._src.initializers.Constant object at 0x719db41b7090>,   |                  |               |               |               |               |
|                 |     name='phi',                                                           |                  |               |               |               |               |
|                 | )                                                                         |                  |               |               |               |               |
+-----------------+---------------------------------------------------------------------------+------------------+---------------+---------------+---------------+---------------+
+------------+---------------------------------+-----------------+-----------+----------+---------------+---------------+
| Module     | Config                          | Module params   | Input     | Output   |   Param count |   Param bytes |
+============+=================================+=================+===========+==========+===============+===============+
| q (Linear) | Linear(output_size=4, name='q') | w: f32[64,4]    | f32[1,64] | f32[1,4] |           260 |       1.04 KB |
|            |                                 | b: f32[4]       |           |          |               |               |
+------------+---------------------------------+-----------------+-----------+----------+---------------+---------------+
+-----------------+---------------------------------------------------------------------------+------------------+---------------+---------------+---------------+---------------+
| Module          | Config                                                                    | Module params    | Input         | Output        |   Param count |   Param bytes |
+=================+===========================================================================+==================+===============+===============+===============+===============+
| phi (Conv2D)    | Conv2D(                                                                   | w: f32[3,3,3,16] | f32[1,9,9,3]  | f32[1,9,9,16] |           448 |       1.79 KB |
|                 |     output_channels=16,                                                   | b: f32[16]       |               |               |               |               |
|                 |     kernel_shape=3,                                                       |                  |               |               |               |               |
|                 |     w_init=<haiku._src.initializers.Orthogonal object at 0x719db4043910>, |                  |               |               |               |               |
|                 |     name='phi',                                                           |                  |               |               |               |               |
|                 | )                                                                         |                  |               |               |               |               |
+-----------------+---------------------------------------------------------------------------+------------------+---------------+---------------+---------------+---------------+
| phi_1 (Flatten) | Flatten(name='phi')                                                       |                  | f32[1,9,9,16] | f32[1,1296]   |             0 |        0.00 B |
+-----------------+---------------------------------------------------------------------------+------------------+---------------+---------------+---------------+---------------+
| phi_2 (Linear)  | Linear(                                                                   | w: f32[1296,64]  | f32[1,1296]   | f32[1,64]     |        83,008 |     332.03 KB |
|                 |     output_size=64,                                                       | b: f32[64]       |               |               |               |               |
|                 |     w_init=<haiku._src.initializers.Orthogonal object at 0x719db478bcd0>, |                  |               |               |               |               |
|                 |     b_init=<haiku._src.initializers.Constant object at 0x719db41b7390>,   |                  |               |               |               |               |
|                 |     name='phi',                                                           |                  |               |               |               |               |
|                 | )                                                                         |                  |               |               |               |               |
+-----------------+---------------------------------------------------------------------------+------------------+---------------+---------------+---------------+---------------+
| phi_3 (Linear)  | Linear(                                                                   | w: f32[64,64]    | f32[1,64]     | f32[1,64]     |         4,160 |      16.64 KB |
|                 |     output_size=64,                                                       | b: f32[64]       |               |               |               |               |
|                 |     w_init=<haiku._src.initializers.Orthogonal object at 0x719db478bcd0>, |                  |               |               |               |               |
|                 |     b_init=<haiku._src.initializers.Constant object at 0x719db41b7390>,   |                  |               |               |               |               |
|                 |     name='phi',                                                           |                  |               |               |               |               |
|                 | )                                                                         |                  |               |               |               |               |
+-----------------+---------------------------------------------------------------------------+------------------+---------------+---------------+---------------+---------------+
+------------+---------------------------------+-----------------+-----------+----------+---------------+---------------+
| Module     | Config                          | Module params   | Input     | Output   |   Param count |   Param bytes |
+============+=================================+=================+===========+==========+===============+===============+
| q (Linear) | Linear(output_size=4, name='q') | w: f32[64,4]    | f32[1,64] | f32[1,4] |           260 |       1.04 KB |
|            |                                 | b: f32[4]       |           |          |               |               |
+------------+---------------------------------+-----------------+-----------+----------+---------------+---------------+
+-----------------+---------------------------------------------------------------------------+------------------+---------------+---------------+---------------+---------------+
| Module          | Config                                                                    | Module params    | Input         | Output        |   Param count |   Param bytes |
+=================+===========================================================================+==================+===============+===============+===============+===============+
| phi (Conv2D)    | Conv2D(                                                                   | w: f32[3,3,3,16] | f32[1,9,9,3]  | f32[1,9,9,16] |           448 |       1.79 KB |
|                 |     output_channels=16,                                                   | b: f32[16]       |               |               |               |               |
|                 |     kernel_shape=3,                                                       |                  |               |               |               |               |
|                 |     w_init=<haiku._src.initializers.Orthogonal object at 0x719db40434d0>, |                  |               |               |               |               |
|                 |     name='phi',                                                           |                  |               |               |               |               |
|                 | )                                                                         |                  |               |               |               |               |
+-----------------+---------------------------------------------------------------------------+------------------+---------------+---------------+---------------+---------------+
| phi_1 (Flatten) | Flatten(name='phi')                                                       |                  | f32[1,9,9,16] | f32[1,1296]   |             0 |        0.00 B |
+-----------------+---------------------------------------------------------------------------+------------------+---------------+---------------+---------------+---------------+
| phi_2 (Linear)  | Linear(                                                                   | w: f32[1296,64]  | f32[1,1296]   | f32[1,64]     |        83,008 |     332.03 KB |
|                 |     output_size=64,                                                       | b: f32[64]       |               |               |               |               |
|                 |     w_init=<haiku._src.initializers.Orthogonal object at 0x719db406b190>, |                  |               |               |               |               |
|                 |     b_init=<haiku._src.initializers.Constant object at 0x719db406a910>,   |                  |               |               |               |               |
|                 |     name='phi',                                                           |                  |               |               |               |               |
|                 | )                                                                         |                  |               |               |               |               |
+-----------------+---------------------------------------------------------------------------+------------------+---------------+---------------+---------------+---------------+
| phi_3 (Linear)  | Linear(                                                                   | w: f32[64,64]    | f32[1,64]     | f32[1,64]     |         4,160 |      16.64 KB |
|                 |     output_size=64,                                                       | b: f32[64]       |               |               |               |               |
|                 |     w_init=<haiku._src.initializers.Orthogonal object at 0x719db406b190>, |                  |               |               |               |               |
|                 |     b_init=<haiku._src.initializers.Constant object at 0x719db406a910>,   |                  |               |               |               |               |
|                 |     name='phi',                                                           |                  |               |               |               |               |
|                 | )                                                                         |                  |               |               |               |               |
+-----------------+---------------------------------------------------------------------------+------------------+---------------+---------------+---------------+---------------+
+------------+---------------------------------+-----------------+-----------+----------+---------------+---------------+
| Module     | Config                          | Module params   | Input     | Output   |   Param count |   Param bytes |
+============+=================================+=================+===========+==========+===============+===============+
| q (Linear) | Linear(output_size=4, name='q') | w: f32[64,4]    | f32[1,64] | f32[1,4] |           260 |       1.04 KB |
|            |                                 | b: f32[4]       |           |          |               |               |
+------------+---------------------------------+-----------------+-----------+----------+---------------+---------------+
+-----------------+---------------------------------------------------------------------------+------------------+---------------+---------------+---------------+---------------+
| Module          | Config                                                                    | Module params    | Input         | Output        |   Param count |   Param bytes |
+=================+===========================================================================+==================+===============+===============+===============+===============+
| phi (Conv2D)    | Conv2D(                                                                   | w: f32[3,3,3,16] | f32[1,9,9,3]  | f32[1,9,9,16] |           448 |       1.79 KB |
|                 |     output_channels=16,                                                   | b: f32[16]       |               |               |               |               |
|                 |     kernel_shape=3,                                                       |                  |               |               |               |               |
|                 |     w_init=<haiku._src.initializers.Orthogonal object at 0x719db4087a50>, |                  |               |               |               |               |
|                 |     name='phi',                                                           |                  |               |               |               |               |
|                 | )                                                                         |                  |               |               |               |               |
+-----------------+---------------------------------------------------------------------------+------------------+---------------+---------------+---------------+---------------+
| phi_1 (Flatten) | Flatten(name='phi')                                                       |                  | f32[1,9,9,16] | f32[1,1296]   |             0 |        0.00 B |
+-----------------+---------------------------------------------------------------------------+------------------+---------------+---------------+---------------+---------------+
| phi_2 (Linear)  | Linear(                                                                   | w: f32[1296,64]  | f32[1,1296]   | f32[1,64]     |        83,008 |     332.03 KB |
|                 |     output_size=64,                                                       | b: f32[64]       |               |               |               |               |
|                 |     w_init=<haiku._src.initializers.Orthogonal object at 0x719db470af50>, |                  |               |               |               |               |
|                 |     b_init=<haiku._src.initializers.Constant object at 0x719db40828d0>,   |                  |               |               |               |               |
|                 |     name='phi',                                                           |                  |               |               |               |               |
|                 | )                                                                         |                  |               |               |               |               |
+-----------------+---------------------------------------------------------------------------+------------------+---------------+---------------+---------------+---------------+
| phi_3 (Linear)  | Linear(                                                                   | w: f32[64,64]    | f32[1,64]     | f32[1,64]     |         4,160 |      16.64 KB |
|                 |     output_size=64,                                                       | b: f32[64]       |               |               |               |               |
|                 |     w_init=<haiku._src.initializers.Orthogonal object at 0x719db470af50>, |                  |               |               |               |               |
|                 |     b_init=<haiku._src.initializers.Constant object at 0x719db40828d0>,   |                  |               |               |               |               |
|                 |     name='phi',                                                           |                  |               |               |               |               |
|                 | )                                                                         |                  |               |               |               |               |
+-----------------+---------------------------------------------------------------------------+------------------+---------------+---------------+---------------+---------------+
+------------+---------------------------------+-----------------+-----------+----------+---------------+---------------+
| Module     | Config                          | Module params   | Input     | Output   |   Param count |   Param bytes |
+============+=================================+=================+===========+==========+===============+===============+
| q (Linear) | Linear(output_size=4, name='q') | w: f32[64,4]    | f32[1,64] | f32[1,4] |           260 |       1.04 KB |
|            |                                 | b: f32[4]       |           |          |               |               |
+------------+---------------------------------+-----------------+-----------+----------+---------------+---------------+
+-----------------+---------------------------------------------------------------------------+------------------+---------------+---------------+---------------+---------------+
| Module          | Config                                                                    | Module params    | Input         | Output        |   Param count |   Param bytes |
+=================+===========================================================================+==================+===============+===============+===============+===============+
| phi (Conv2D)    | Conv2D(                                                                   | w: f32[3,3,3,16] | f32[1,9,9,3]  | f32[1,9,9,16] |           448 |       1.79 KB |
|                 |     output_channels=16,                                                   | b: f32[16]       |               |               |               |               |
|                 |     kernel_shape=3,                                                       |                  |               |               |               |               |
|                 |     w_init=<haiku._src.initializers.Orthogonal object at 0x719db4098950>, |                  |               |               |               |               |
|                 |     name='phi',                                                           |                  |               |               |               |               |
|                 | )                                                                         |                  |               |               |               |               |
+-----------------+---------------------------------------------------------------------------+------------------+---------------+---------------+---------------+---------------+
| phi_1 (Flatten) | Flatten(name='phi')                                                       |                  | f32[1,9,9,16] | f32[1,1296]   |             0 |        0.00 B |
+-----------------+---------------------------------------------------------------------------+------------------+---------------+---------------+---------------+---------------+
| phi_2 (Linear)  | Linear(                                                                   | w: f32[1296,64]  | f32[1,1296]   | f32[1,64]     |        83,008 |     332.03 KB |
|                 |     output_size=64,                                                       | b: f32[64]       |               |               |               |               |
|                 |     w_init=<haiku._src.initializers.Orthogonal object at 0x719db476a350>, |                  |               |               |               |               |
|                 |     b_init=<haiku._src.initializers.Constant object at 0x719db4082950>,   |                  |               |               |               |               |
|                 |     name='phi',                                                           |                  |               |               |               |               |
|                 | )                                                                         |                  |               |               |               |               |
+-----------------+---------------------------------------------------------------------------+------------------+---------------+---------------+---------------+---------------+
| phi_3 (Linear)  | Linear(                                                                   | w: f32[64,64]    | f32[1,64]     | f32[1,64]     |         4,160 |      16.64 KB |
|                 |     output_size=64,                                                       | b: f32[64]       |               |               |               |               |
|                 |     w_init=<haiku._src.initializers.Orthogonal object at 0x719db476a350>, |                  |               |               |               |               |
|                 |     b_init=<haiku._src.initializers.Constant object at 0x719db4082950>,   |                  |               |               |               |               |
|                 |     name='phi',                                                           |                  |               |               |               |               |
|                 | )                                                                         |                  |               |               |               |               |
+-----------------+---------------------------------------------------------------------------+------------------+---------------+---------------+---------------+---------------+
+------------+---------------------------------+-----------------+-----------+----------+---------------+---------------+
| Module     | Config                          | Module params   | Input     | Output   |   Param count |   Param bytes |
+============+=================================+=================+===========+==========+===============+===============+
| q (Linear) | Linear(output_size=4, name='q') | w: f32[64,4]    | f32[1,64] | f32[1,4] |           260 |       1.04 KB |
|            |                                 | b: f32[4]       |           |          |               |               |
+------------+---------------------------------+-----------------+-----------+----------+---------------+---------------+
+-----------------+---------------------------------------------------------------------------+------------------+---------------+---------------+---------------+---------------+
| Module          | Config                                                                    | Module params    | Input         | Output        |   Param count |   Param bytes |
+=================+===========================================================================+==================+===============+===============+===============+===============+
| phi (Conv2D)    | Conv2D(                                                                   | w: f32[3,3,3,16] | f32[1,9,9,3]  | f32[1,9,9,16] |           448 |       1.79 KB |
|                 |     output_channels=16,                                                   | b: f32[16]       |               |               |               |               |
|                 |     kernel_shape=3,                                                       |                  |               |               |               |               |
|                 |     w_init=<haiku._src.initializers.Orthogonal object at 0x719db405acd0>, |                  |               |               |               |               |
|                 |     name='phi',                                                           |                  |               |               |               |               |
|                 | )                                                                         |                  |               |               |               |               |
+-----------------+---------------------------------------------------------------------------+------------------+---------------+---------------+---------------+---------------+
| phi_1 (Flatten) | Flatten(name='phi')                                                       |                  | f32[1,9,9,16] | f32[1,1296]   |             0 |        0.00 B |
+-----------------+---------------------------------------------------------------------------+------------------+---------------+---------------+---------------+---------------+
| phi_2 (Linear)  | Linear(                                                                   | w: f32[1296,64]  | f32[1,1296]   | f32[1,64]     |        83,008 |     332.03 KB |
|                 |     output_size=64,                                                       | b: f32[64]       |               |               |               |               |
|                 |     w_init=<haiku._src.initializers.Orthogonal object at 0x719db40c7810>, |                  |               |               |               |               |
|                 |     b_init=<haiku._src.initializers.Constant object at 0x719db4083690>,   |                  |               |               |               |               |
|                 |     name='phi',                                                           |                  |               |               |               |               |
|                 | )                                                                         |                  |               |               |               |               |
+-----------------+---------------------------------------------------------------------------+------------------+---------------+---------------+---------------+---------------+
| phi_3 (Linear)  | Linear(                                                                   | w: f32[64,64]    | f32[1,64]     | f32[1,64]     |         4,160 |      16.64 KB |
|                 |     output_size=64,                                                       | b: f32[64]       |               |               |               |               |
|                 |     w_init=<haiku._src.initializers.Orthogonal object at 0x719db40c7810>, |                  |               |               |               |               |
|                 |     b_init=<haiku._src.initializers.Constant object at 0x719db4083690>,   |                  |               |               |               |               |
|                 |     name='phi',                                                           |                  |               |               |               |               |
|                 | )                                                                         |                  |               |               |               |               |
+-----------------+---------------------------------------------------------------------------+------------------+---------------+---------------+---------------+---------------+
+------------+---------------------------------+-----------------+-----------+----------+---------------+---------------+
| Module     | Config                          | Module params   | Input     | Output   |   Param count |   Param bytes |
+============+=================================+=================+===========+==========+===============+===============+
| q (Linear) | Linear(output_size=4, name='q') | w: f32[64,4]    | f32[1,64] | f32[1,4] |           260 |       1.04 KB |
|            |                                 | b: f32[4]       |           |          |               |               |
+------------+---------------------------------+-----------------+-----------+----------+---------------+---------------+
+-----------------+---------------------------------------------------------------------------+------------------+---------------+---------------+---------------+---------------+
| Module          | Config                                                                    | Module params    | Input         | Output        |   Param count |   Param bytes |
+=================+===========================================================================+==================+===============+===============+===============+===============+
| phi (Conv2D)    | Conv2D(                                                                   | w: f32[3,3,3,16] | f32[1,9,9,3]  | f32[1,9,9,16] |           448 |       1.79 KB |
|                 |     output_channels=16,                                                   | b: f32[16]       |               |               |               |               |
|                 |     kernel_shape=3,                                                       |                  |               |               |               |               |
|                 |     w_init=<haiku._src.initializers.Orthogonal object at 0x719db418b4d0>, |                  |               |               |               |               |
|                 |     name='phi',                                                           |                  |               |               |               |               |
|                 | )                                                                         |                  |               |               |               |               |
+-----------------+---------------------------------------------------------------------------+------------------+---------------+---------------+---------------+---------------+
| phi_1 (Flatten) | Flatten(name='phi')                                                       |                  | f32[1,9,9,16] | f32[1,1296]   |             0 |        0.00 B |
+-----------------+---------------------------------------------------------------------------+------------------+---------------+---------------+---------------+---------------+
| phi_2 (Linear)  | Linear(                                                                   | w: f32[1296,64]  | f32[1,1296]   | f32[1,64]     |        83,008 |     332.03 KB |
|                 |     output_size=64,                                                       | b: f32[64]       |               |               |               |               |
|                 |     w_init=<haiku._src.initializers.Orthogonal object at 0x719da811c410>, |                  |               |               |               |               |
|                 |     b_init=<haiku._src.initializers.Constant object at 0x719da811e5d0>,   |                  |               |               |               |               |
|                 |     name='phi',                                                           |                  |               |               |               |               |
|                 | )                                                                         |                  |               |               |               |               |
+-----------------+---------------------------------------------------------------------------+------------------+---------------+---------------+---------------+---------------+
| phi_3 (Linear)  | Linear(                                                                   | w: f32[64,64]    | f32[1,64]     | f32[1,64]     |         4,160 |      16.64 KB |
|                 |     output_size=64,                                                       | b: f32[64]       |               |               |               |               |
|                 |     w_init=<haiku._src.initializers.Orthogonal object at 0x719da811c410>, |                  |               |               |               |               |
|                 |     b_init=<haiku._src.initializers.Constant object at 0x719da811e5d0>,   |                  |               |               |               |               |
|                 |     name='phi',                                                           |                  |               |               |               |               |
|                 | )                                                                         |                  |               |               |               |               |
+-----------------+---------------------------------------------------------------------------+------------------+---------------+---------------+---------------+---------------+
+------------+---------------------------------+-----------------+-----------+----------+---------------+---------------+
| Module     | Config                          | Module params   | Input     | Output   |   Param count |   Param bytes |
+============+=================================+=================+===========+==========+===============+===============+
| q (Linear) | Linear(output_size=4, name='q') | w: f32[64,4]    | f32[1,64] | f32[1,4] |           260 |       1.04 KB |
|            |                                 | b: f32[4]       |           |          |               |               |
+------------+---------------------------------+-----------------+-----------+----------+---------------+---------------+
+-----------------+---------------------------------------------------------------------------+------------------+---------------+---------------+---------------+---------------+
| Module          | Config                                                                    | Module params    | Input         | Output        |   Param count |   Param bytes |
+=================+===========================================================================+==================+===============+===============+===============+===============+
| phi (Conv2D)    | Conv2D(                                                                   | w: f32[3,3,3,16] | f32[1,9,9,3]  | f32[1,9,9,16] |           448 |       1.79 KB |
|                 |     output_channels=16,                                                   | b: f32[16]       |               |               |               |               |
|                 |     kernel_shape=3,                                                       |                  |               |               |               |               |
|                 |     w_init=<haiku._src.initializers.Orthogonal object at 0x719da8149510>, |                  |               |               |               |               |
|                 |     name='phi',                                                           |                  |               |               |               |               |
|                 | )                                                                         |                  |               |               |               |               |
+-----------------+---------------------------------------------------------------------------+------------------+---------------+---------------+---------------+---------------+
| phi_1 (Flatten) | Flatten(name='phi')                                                       |                  | f32[1,9,9,16] | f32[1,1296]   |             0 |        0.00 B |
+-----------------+---------------------------------------------------------------------------+------------------+---------------+---------------+---------------+---------------+
| phi_2 (Linear)  | Linear(                                                                   | w: f32[1296,64]  | f32[1,1296]   | f32[1,64]     |        83,008 |     332.03 KB |
|                 |     output_size=64,                                                       | b: f32[64]       |               |               |               |               |
|                 |     w_init=<haiku._src.initializers.Orthogonal object at 0x719da81102d0>, |                  |               |               |               |               |
|                 |     b_init=<haiku._src.initializers.Constant object at 0x719db40e7f90>,   |                  |               |               |               |               |
|                 |     name='phi',                                                           |                  |               |               |               |               |
|                 | )                                                                         |                  |               |               |               |               |
+-----------------+---------------------------------------------------------------------------+------------------+---------------+---------------+---------------+---------------+
| phi_3 (Linear)  | Linear(                                                                   | w: f32[64,64]    | f32[1,64]     | f32[1,64]     |         4,160 |      16.64 KB |
|                 |     output_size=64,                                                       | b: f32[64]       |               |               |               |               |
|                 |     w_init=<haiku._src.initializers.Orthogonal object at 0x719da81102d0>, |                  |               |               |               |               |
|                 |     b_init=<haiku._src.initializers.Constant object at 0x719db40e7f90>,   |                  |               |               |               |               |
|                 |     name='phi',                                                           |                  |               |               |               |               |
|                 | )                                                                         |                  |               |               |               |               |
+-----------------+---------------------------------------------------------------------------+------------------+---------------+---------------+---------------+---------------+
+------------+---------------------------------+-----------------+-----------+----------+---------------+---------------+
| Module     | Config                          | Module params   | Input     | Output   |   Param count |   Param bytes |
+============+=================================+=================+===========+==========+===============+===============+
| q (Linear) | Linear(output_size=4, name='q') | w: f32[64,4]    | f32[1,64] | f32[1,4] |           260 |       1.04 KB |
|            |                                 | b: f32[4]       |           |          |               |               |
+------------+---------------------------------+-----------------+-----------+----------+---------------+---------------+
+-----------------+---------------------------------------------------------------------------+------------------+---------------+---------------+---------------+---------------+
| Module          | Config                                                                    | Module params    | Input         | Output        |   Param count |   Param bytes |
+=================+===========================================================================+==================+===============+===============+===============+===============+
| phi (Conv2D)    | Conv2D(                                                                   | w: f32[3,3,3,16] | f32[1,9,9,3]  | f32[1,9,9,16] |           448 |       1.79 KB |
|                 |     output_channels=16,                                                   | b: f32[16]       |               |               |               |               |
|                 |     kernel_shape=3,                                                       |                  |               |               |               |               |
|                 |     w_init=<haiku._src.initializers.Orthogonal object at 0x719db419d8d0>, |                  |               |               |               |               |
|                 |     name='phi',                                                           |                  |               |               |               |               |
|                 | )                                                                         |                  |               |               |               |               |
+-----------------+---------------------------------------------------------------------------+------------------+---------------+---------------+---------------+---------------+
| phi_1 (Flatten) | Flatten(name='phi')                                                       |                  | f32[1,9,9,16] | f32[1,1296]   |             0 |        0.00 B |
+-----------------+---------------------------------------------------------------------------+------------------+---------------+---------------+---------------+---------------+
| phi_2 (Linear)  | Linear(                                                                   | w: f32[1296,64]  | f32[1,1296]   | f32[1,64]     |        83,008 |     332.03 KB |
|                 |     output_size=64,                                                       | b: f32[64]       |               |               |               |               |
|                 |     w_init=<haiku._src.initializers.Orthogonal object at 0x719da8177910>, |                  |               |               |               |               |
|                 |     b_init=<haiku._src.initializers.Constant object at 0x719da8131610>,   |                  |               |               |               |               |
|                 |     name='phi',                                                           |                  |               |               |               |               |
|                 | )                                                                         |                  |               |               |               |               |
+-----------------+---------------------------------------------------------------------------+------------------+---------------+---------------+---------------+---------------+
| phi_3 (Linear)  | Linear(                                                                   | w: f32[64,64]    | f32[1,64]     | f32[1,64]     |         4,160 |      16.64 KB |
|                 |     output_size=64,                                                       | b: f32[64]       |               |               |               |               |
|                 |     w_init=<haiku._src.initializers.Orthogonal object at 0x719da8177910>, |                  |               |               |               |               |
|                 |     b_init=<haiku._src.initializers.Constant object at 0x719da8131610>,   |                  |               |               |               |               |
|                 |     name='phi',                                                           |                  |               |               |               |               |
|                 | )                                                                         |                  |               |               |               |               |
+-----------------+---------------------------------------------------------------------------+------------------+---------------+---------------+---------------+---------------+
+------------+---------------------------------+-----------------+-----------+----------+---------------+---------------+
| Module     | Config                          | Module params   | Input     | Output   |   Param count |   Param bytes |
+============+=================================+=================+===========+==========+===============+===============+
| q (Linear) | Linear(output_size=4, name='q') | w: f32[64,4]    | f32[1,64] | f32[1,4] |           260 |       1.04 KB |
|            |                                 | b: f32[4]       |           |          |               |               |
+------------+---------------------------------+-----------------+-----------+----------+---------------+---------------+
+-----------------+---------------------------------------------------------------------------+------------------+---------------+---------------+---------------+---------------+
| Module          | Config                                                                    | Module params    | Input         | Output        |   Param count |   Param bytes |
+=================+===========================================================================+==================+===============+===============+===============+===============+
| phi (Conv2D)    | Conv2D(                                                                   | w: f32[3,3,3,16] | f32[1,9,9,3]  | f32[1,9,9,16] |           448 |       1.79 KB |
|                 |     output_channels=16,                                                   | b: f32[16]       |               |               |               |               |
|                 |     kernel_shape=3,                                                       |                  |               |               |               |               |
|                 |     w_init=<haiku._src.initializers.Orthogonal object at 0x719db41e3f50>, |                  |               |               |               |               |
|                 |     name='phi',                                                           |                  |               |               |               |               |
|                 | )                                                                         |                  |               |               |               |               |
+-----------------+---------------------------------------------------------------------------+------------------+---------------+---------------+---------------+---------------+
| phi_1 (Flatten) | Flatten(name='phi')                                                       |                  | f32[1,9,9,16] | f32[1,1296]   |             0 |        0.00 B |
+-----------------+---------------------------------------------------------------------------+------------------+---------------+---------------+---------------+---------------+
| phi_2 (Linear)  | Linear(                                                                   | w: f32[1296,64]  | f32[1,1296]   | f32[1,64]     |        83,008 |     332.03 KB |
|                 |     output_size=64,                                                       | b: f32[64]       |               |               |               |               |
|                 |     w_init=<haiku._src.initializers.Orthogonal object at 0x719da8111ed0>, |                  |               |               |               |               |
|                 |     b_init=<haiku._src.initializers.Constant object at 0x719da8111690>,   |                  |               |               |               |               |
|                 |     name='phi',                                                           |                  |               |               |               |               |
|                 | )                                                                         |                  |               |               |               |               |
+-----------------+---------------------------------------------------------------------------+------------------+---------------+---------------+---------------+---------------+
| phi_3 (Linear)  | Linear(                                                                   | w: f32[64,64]    | f32[1,64]     | f32[1,64]     |         4,160 |      16.64 KB |
|                 |     output_size=64,                                                       | b: f32[64]       |               |               |               |               |
|                 |     w_init=<haiku._src.initializers.Orthogonal object at 0x719da8111ed0>, |                  |               |               |               |               |
|                 |     b_init=<haiku._src.initializers.Constant object at 0x719da8111690>,   |                  |               |               |               |               |
|                 |     name='phi',                                                           |                  |               |               |               |               |
|                 | )                                                                         |                  |               |               |               |               |
+-----------------+---------------------------------------------------------------------------+------------------+---------------+---------------+---------------+---------------+
+------------+---------------------------------+-----------------+-----------+----------+---------------+---------------+
| Module     | Config                          | Module params   | Input     | Output   |   Param count |   Param bytes |
+============+=================================+=================+===========+==========+===============+===============+
| q (Linear) | Linear(output_size=4, name='q') | w: f32[64,4]    | f32[1,64] | f32[1,4] |           260 |       1.04 KB |
|            |                                 | b: f32[4]       |           |          |               |               |
+------------+---------------------------------+-----------------+-----------+----------+---------------+---------------+
+-----------------+---------------------------------------------------------------------------+------------------+---------------+---------------+---------------+---------------+
| Module          | Config                                                                    | Module params    | Input         | Output        |   Param count |   Param bytes |
+=================+===========================================================================+==================+===============+===============+===============+===============+
| phi (Conv2D)    | Conv2D(                                                                   | w: f32[3,3,3,16] | f32[1,9,9,3]  | f32[1,9,9,16] |           448 |       1.79 KB |
|                 |     output_channels=16,                                                   | b: f32[16]       |               |               |               |               |
|                 |     kernel_shape=3,                                                       |                  |               |               |               |               |
|                 |     w_init=<haiku._src.initializers.Orthogonal object at 0x719da81cf1d0>, |                  |               |               |               |               |
|                 |     name='phi',                                                           |                  |               |               |               |               |
|                 | )                                                                         |                  |               |               |               |               |
+-----------------+---------------------------------------------------------------------------+------------------+---------------+---------------+---------------+---------------+
| phi_1 (Flatten) | Flatten(name='phi')                                                       |                  | f32[1,9,9,16] | f32[1,1296]   |             0 |        0.00 B |
+-----------------+---------------------------------------------------------------------------+------------------+---------------+---------------+---------------+---------------+
| phi_2 (Linear)  | Linear(                                                                   | w: f32[1296,64]  | f32[1,1296]   | f32[1,64]     |        83,008 |     332.03 KB |
|                 |     output_size=64,                                                       | b: f32[64]       |               |               |               |               |
|                 |     w_init=<haiku._src.initializers.Orthogonal object at 0x719da819ee10>, |                  |               |               |               |               |
|                 |     b_init=<haiku._src.initializers.Constant object at 0x719da819fc10>,   |                  |               |               |               |               |
|                 |     name='phi',                                                           |                  |               |               |               |               |
|                 | )                                                                         |                  |               |               |               |               |
+-----------------+---------------------------------------------------------------------------+------------------+---------------+---------------+---------------+---------------+
| phi_3 (Linear)  | Linear(                                                                   | w: f32[64,64]    | f32[1,64]     | f32[1,64]     |         4,160 |      16.64 KB |
|                 |     output_size=64,                                                       | b: f32[64]       |               |               |               |               |
|                 |     w_init=<haiku._src.initializers.Orthogonal object at 0x719da819ee10>, |                  |               |               |               |               |
|                 |     b_init=<haiku._src.initializers.Constant object at 0x719da819fc10>,   |                  |               |               |               |               |
|                 |     name='phi',                                                           |                  |               |               |               |               |
|                 | )                                                                         |                  |               |               |               |               |
+-----------------+---------------------------------------------------------------------------+------------------+---------------+---------------+---------------+---------------+
+------------+---------------------------------+-----------------+-----------+----------+---------------+---------------+
| Module     | Config                          | Module params   | Input     | Output   |   Param count |   Param bytes |
+============+=================================+=================+===========+==========+===============+===============+
| q (Linear) | Linear(output_size=4, name='q') | w: f32[64,4]    | f32[1,64] | f32[1,4] |           260 |       1.04 KB |
|            |                                 | b: f32[4]       |           |          |               |               |
+------------+---------------------------------+-----------------+-----------+----------+---------------+---------------+
+-----------------+---------------------------------------------------------------------------+------------------+---------------+---------------+---------------+---------------+
| Module          | Config                                                                    | Module params    | Input         | Output        |   Param count |   Param bytes |
+=================+===========================================================================+==================+===============+===============+===============+===============+
| phi (Conv2D)    | Conv2D(                                                                   | w: f32[3,3,3,16] | f32[1,9,9,3]  | f32[1,9,9,16] |           448 |       1.79 KB |
|                 |     output_channels=16,                                                   | b: f32[16]       |               |               |               |               |
|                 |     kernel_shape=3,                                                       |                  |               |               |               |               |
|                 |     w_init=<haiku._src.initializers.Orthogonal object at 0x719da81ff410>, |                  |               |               |               |               |
|                 |     name='phi',                                                           |                  |               |               |               |               |
|                 | )                                                                         |                  |               |               |               |               |
+-----------------+---------------------------------------------------------------------------+------------------+---------------+---------------+---------------+---------------+
| phi_1 (Flatten) | Flatten(name='phi')                                                       |                  | f32[1,9,9,16] | f32[1,1296]   |             0 |        0.00 B |
+-----------------+---------------------------------------------------------------------------+------------------+---------------+---------------+---------------+---------------+
| phi_2 (Linear)  | Linear(                                                                   | w: f32[1296,64]  | f32[1,1296]   | f32[1,64]     |        83,008 |     332.03 KB |
|                 |     output_size=64,                                                       | b: f32[64]       |               |               |               |               |
|                 |     w_init=<haiku._src.initializers.Orthogonal object at 0x719da814a110>, |                  |               |               |               |               |
|                 |     b_init=<haiku._src.initializers.Constant object at 0x719da8149310>,   |                  |               |               |               |               |
|                 |     name='phi',                                                           |                  |               |               |               |               |
|                 | )                                                                         |                  |               |               |               |               |
+-----------------+---------------------------------------------------------------------------+------------------+---------------+---------------+---------------+---------------+
| phi_3 (Linear)  | Linear(                                                                   | w: f32[64,64]    | f32[1,64]     | f32[1,64]     |         4,160 |      16.64 KB |
|                 |     output_size=64,                                                       | b: f32[64]       |               |               |               |               |
|                 |     w_init=<haiku._src.initializers.Orthogonal object at 0x719da814a110>, |                  |               |               |               |               |
|                 |     b_init=<haiku._src.initializers.Constant object at 0x719da8149310>,   |                  |               |               |               |               |
|                 |     name='phi',                                                           |                  |               |               |               |               |
|                 | )                                                                         |                  |               |               |               |               |
+-----------------+---------------------------------------------------------------------------+------------------+---------------+---------------+---------------+---------------+
+------------+---------------------------------+-----------------+-----------+----------+---------------+---------------+
| Module     | Config                          | Module params   | Input     | Output   |   Param count |   Param bytes |
+============+=================================+=================+===========+==========+===============+===============+
| q (Linear) | Linear(output_size=4, name='q') | w: f32[64,4]    | f32[1,64] | f32[1,4] |           260 |       1.04 KB |
|            |                                 | b: f32[4]       |           |          |               |               |
+------------+---------------------------------+-----------------+-----------+----------+---------------+---------------+
+-----------------+---------------------------------------------------------------------------+------------------+---------------+---------------+---------------+---------------+
| Module          | Config                                                                    | Module params    | Input         | Output        |   Param count |   Param bytes |
+=================+===========================================================================+==================+===============+===============+===============+===============+
| phi (Conv2D)    | Conv2D(                                                                   | w: f32[3,3,3,16] | f32[1,9,9,3]  | f32[1,9,9,16] |           448 |       1.79 KB |
|                 |     output_channels=16,                                                   | b: f32[16]       |               |               |               |               |
|                 |     kernel_shape=3,                                                       |                  |               |               |               |               |
|                 |     w_init=<haiku._src.initializers.Orthogonal object at 0x719da81ffd10>, |                  |               |               |               |               |
|                 |     name='phi',                                                           |                  |               |               |               |               |
|                 | )                                                                         |                  |               |               |               |               |
+-----------------+---------------------------------------------------------------------------+------------------+---------------+---------------+---------------+---------------+
| phi_1 (Flatten) | Flatten(name='phi')                                                       |                  | f32[1,9,9,16] | f32[1,1296]   |             0 |        0.00 B |
+-----------------+---------------------------------------------------------------------------+------------------+---------------+---------------+---------------+---------------+
| phi_2 (Linear)  | Linear(                                                                   | w: f32[1296,64]  | f32[1,1296]   | f32[1,64]     |        83,008 |     332.03 KB |
|                 |     output_size=64,                                                       | b: f32[64]       |               |               |               |               |
|                 |     w_init=<haiku._src.initializers.Orthogonal object at 0x719da8029690>, |                  |               |               |               |               |
|                 |     b_init=<haiku._src.initializers.Constant object at 0x719da8177c90>,   |                  |               |               |               |               |
|                 |     name='phi',                                                           |                  |               |               |               |               |
|                 | )                                                                         |                  |               |               |               |               |
+-----------------+---------------------------------------------------------------------------+------------------+---------------+---------------+---------------+---------------+
| phi_3 (Linear)  | Linear(                                                                   | w: f32[64,64]    | f32[1,64]     | f32[1,64]     |         4,160 |      16.64 KB |
|                 |     output_size=64,                                                       | b: f32[64]       |               |               |               |               |
|                 |     w_init=<haiku._src.initializers.Orthogonal object at 0x719da8029690>, |                  |               |               |               |               |
|                 |     b_init=<haiku._src.initializers.Constant object at 0x719da8177c90>,   |                  |               |               |               |               |
|                 |     name='phi',                                                           |                  |               |               |               |               |
|                 | )                                                                         |                  |               |               |               |               |
+-----------------+---------------------------------------------------------------------------+------------------+---------------+---------------+---------------+---------------+
+------------+---------------------------------+-----------------+-----------+----------+---------------+---------------+
| Module     | Config                          | Module params   | Input     | Output   |   Param count |   Param bytes |
+============+=================================+=================+===========+==========+===============+===============+
| q (Linear) | Linear(output_size=4, name='q') | w: f32[64,4]    | f32[1,64] | f32[1,4] |           260 |       1.04 KB |
|            |                                 | b: f32[4]       |           |          |               |               |
+------------+---------------------------------+-----------------+-----------+----------+---------------+---------------+
+-----------------+---------------------------------------------------------------------------+------------------+---------------+---------------+---------------+---------------+
| Module          | Config                                                                    | Module params    | Input         | Output        |   Param count |   Param bytes |
+=================+===========================================================================+==================+===============+===============+===============+===============+
| phi (Conv2D)    | Conv2D(                                                                   | w: f32[3,3,3,16] | f32[1,9,9,3]  | f32[1,9,9,16] |           448 |       1.79 KB |
|                 |     output_channels=16,                                                   | b: f32[16]       |               |               |               |               |
|                 |     kernel_shape=3,                                                       |                  |               |               |               |               |
|                 |     w_init=<haiku._src.initializers.Orthogonal object at 0x719da8047ed0>, |                  |               |               |               |               |
|                 |     name='phi',                                                           |                  |               |               |               |               |
|                 | )                                                                         |                  |               |               |               |               |
+-----------------+---------------------------------------------------------------------------+------------------+---------------+---------------+---------------+---------------+
| phi_1 (Flatten) | Flatten(name='phi')                                                       |                  | f32[1,9,9,16] | f32[1,1296]   |             0 |        0.00 B |
+-----------------+---------------------------------------------------------------------------+------------------+---------------+---------------+---------------+---------------+
| phi_2 (Linear)  | Linear(                                                                   | w: f32[1296,64]  | f32[1,1296]   | f32[1,64]     |        83,008 |     332.03 KB |
|                 |     output_size=64,                                                       | b: f32[64]       |               |               |               |               |
|                 |     w_init=<haiku._src.initializers.Orthogonal object at 0x719da8165890>, |                  |               |               |               |               |
|                 |     b_init=<haiku._src.initializers.Constant object at 0x719db4058810>,   |                  |               |               |               |               |
|                 |     name='phi',                                                           |                  |               |               |               |               |
|                 | )                                                                         |                  |               |               |               |               |
+-----------------+---------------------------------------------------------------------------+------------------+---------------+---------------+---------------+---------------+
| phi_3 (Linear)  | Linear(                                                                   | w: f32[64,64]    | f32[1,64]     | f32[1,64]     |         4,160 |      16.64 KB |
|                 |     output_size=64,                                                       | b: f32[64]       |               |               |               |               |
|                 |     w_init=<haiku._src.initializers.Orthogonal object at 0x719da8165890>, |                  |               |               |               |               |
|                 |     b_init=<haiku._src.initializers.Constant object at 0x719db4058810>,   |                  |               |               |               |               |
|                 |     name='phi',                                                           |                  |               |               |               |               |
|                 | )                                                                         |                  |               |               |               |               |
+-----------------+---------------------------------------------------------------------------+------------------+---------------+---------------+---------------+---------------+
+------------+---------------------------------+-----------------+-----------+----------+---------------+---------------+
| Module     | Config                          | Module params   | Input     | Output   |   Param count |   Param bytes |
+============+=================================+=================+===========+==========+===============+===============+
| q (Linear) | Linear(output_size=4, name='q') | w: f32[64,4]    | f32[1,64] | f32[1,4] |           260 |       1.04 KB |
|            |                                 | b: f32[4]       |           |          |               |               |
+------------+---------------------------------+-----------------+-----------+----------+---------------+---------------+
